,status_quo,seattle,full_pbd
total_revenue,4314001.5895718895,3611226.499974703,3562260.085351766
mean_price_ccc,4.0,4.5,3.5133352887407456
mean_price_cca,3.5,1.5,2.2715740905637176
n_zones_at_ceiling,0.0,0.0,0.0
cruising_dwl_total,6004.840878897181,97160.36889003977,73577.99264426342
cs_change_total,0.0,45.71232585624379,46.31903184378084
gf_to_general_fund,4314001.5895718895,3611226.499974703,2493582.0597462365
sdp_revenue,0.0,0.0,0.0
pbd_revenue,0.0,0.0,0.0
